id,type,x_cm,y_cm,w_cm,h_cm,prijs_eur,status,koper,website,logo_url,betaallink,verkocht_op
1,t,36,0.5,15.5,15.5,99,vrij,,,,https://buy.stripe.com/test_fZuaEX8dG9Jt1Zag4X4Ja2t,
2,t,51.5,0.5,16,15.5,99,vrij,,,,https://buy.stripe.com/test_9B6bJ165yf3NbzK4mf4Ja2u,
3,t,67.5,0.5,16.5,15.5,99,vrij,,,,https://buy.stripe.com/test_bJe4gz0Le9Jt8ny8Cv4Ja2v,
4,t,84,0.5,16,15.5,99,vrij,,,,https://buy.stripe.com/test_8x23cv3Xq4p91ZadWP4Ja2w,
5,t,100,0.5,15.5,15.5,99,vrij,,,,https://buy.stripe.com/test_7sY5kD1Pi3l58nyg4X4Ja2x,
6,t,115.5,0.5,16,15.5,99,vrij,,,,https://buy.stripe.com/test_aFa9ATeC47BlgU4bOH4Ja2y,
7,t,131.5,0.5,15.5,15.5,99,vrij,,,,https://buy.stripe.com/test_dRm00j3Xq6xh7juf0T4Ja2z,
8,t,147,0.5,15.5,15.5,99,vrij,,,,https://buy.stripe.com/test_fZufZh1Pi08T6fq7yr4Ja2A,
9,t,162.5,0.5,14.5,15.5,99,vrij,,,,https://buy.stripe.com/test_9B628rdy0g7R33ebOH4Ja2B,
10,t,177,0.5,15.5,15.5,99,vrij,,,,https://buy.stripe.com/test_28E28rdy06xhfQ0dWP4Ja2C,
11,t,192.5,0.5,16.5,15.5,99,vrij,,,,https://buy.stripe.com/test_fZubJ12Tm5tdgU405Z4Ja2D,
12,t,209,0.5,16.5,15.5,99,vrij,,,,https://buy.stripe.com/test_bJecN5fG84p9gU405Z4Ja2E,
13,t,225.5,0.5,15.5,15.5,99,vrij,,,,https://buy.stripe.com/test_00wdR9ctW8FpeLW1a34Ja2F,
14,t,241,0.5,15.5,15.5,99,vrij,,,,https://buy.stripe.com/test_00w9AT9hKg7R1Zag4X4Ja2G,
15,t,256.5,0.5,15,15.5,99,vrij,,,,https://buy.stripe.com/test_9B6aEX2TmbRB7juaKD4Ja2H,
16,t,271.5,0.5,16,15.5,99,vrij,,,,https://buy.stripe.com/test_14A00jgKcaNx6fq9Gz4Ja2I,
17,t,287.5,0.5,16,15.5,99,vrij,,,,https://buy.stripe.com/test_aFabJ19hK9JtbzKg4X4Ja2J,
18,t,303.5,0.5,16,15.5,99,vrij,,,,https://buy.stripe.com/test_dRmdR965y2h16fq7yr4Ja2K,
19,t,0.5,16,15.5,17,99,vrij,,,,https://buy.stripe.com/test_5kQ4gz2Tm2h1fQ0dWP4Ja2L,
20,t,0.5,33,15.5,17,99,vrij,,,,https://buy.stripe.com/test_9B66oHbpS5td8ny8Cv4Ja2M,
21,t,0.5,50,15.5,16,99,vrij,,,,https://buy.stripe.com/test_7sYcN5eC42h11ZabOH4Ja2N,
22,t,0.5,66,15.5,16.5,99,vrij,,,,https://buy.stripe.com/test_eVq4gzbpSf3NcDO5qj4Ja2O,
23,t,0.5,82.5,15.5,16.5,99,vrij,,,,https://buy.stripe.com/test_dRm9ATdy0aNx7ju4mf4Ja2P,
24,t,0.5,99,15.5,17,99,vrij,,,,https://buy.stripe.com/test_00w9AT3Xq08T5bm6un4Ja2Q,
25,t,0.5,116,15.5,17.5,99,vrij,,,,https://buy.stripe.com/test_4gMcN565y4p9avGf0T4Ja2R,
26,t,0.5,133.5,15.5,17,99,vrij,,,,https://buy.stripe.com/test_8x2bJ1fG84p97jubOH4Ja2S,
27,t,0.5,150.5,15.5,15.5,99,vrij,,,,https://buy.stripe.com/test_7sY00j79Cf3N6fq6un4Ja2T,
28,t,0.5,166,15.5,17.5,99,vrij,,,,https://buy.stripe.com/test_14A3cv2Tmf3N8ny8Cv4Ja2U,
29,t,0.5,183.5,15.5,17,99,vrij,,,,https://buy.stripe.com/test_00w7sL65y4p99rC7yr4Ja2V,
30,t,0.5,200.5,15.5,16.5,99,vrij,,,,https://buy.stripe.com/test_14A9AT8dG4p99rC05Z4Ja2W,
31,m,16,16,35.5,34,649,vrij,,,,https://buy.stripe.com/test_3cI9AT0Le9JtgU43ib4Ja2X,
32,m,51.5,16,48.5,34,899,vrij,,,,https://buy.stripe.com/test_fZuaEXgKccVF5bmbOH4Ja2Y,
33,b,100,16,31.5,34,399,vrij,,,,https://buy.stripe.com/test_14A4gz3Xq7BlcDO1a34Ja2Z,
34,m,131.5,16,45.5,34,649,vrij,,,,https://buy.stripe.com/test_3cIeVd9hKdZJ9rC6un4Ja30,
35,b,177,16,32,34,399,vrij,,,,https://buy.stripe.com/test_bJe3cv8dGbRB7ju05Z4Ja31,
36,m,209,16,62.5,34,899,vrij,,,,https://buy.stripe.com/test_dRmeVd2Tm1cXcDO6un4Ja32,
37,b,271.5,16,16,34,199,vrij,,,,https://buy.stripe.com/test_5kQ3cveC4g7RgU49Gz4Ja33,
38,b,287.5,16,16,34,199,vrij,,,,https://buy.stripe.com/test_8x23cveC4dZJdHS3ib4Ja34,
39,m,16,50,35.5,32.5,649,vrij,,,,https://buy.stripe.com/test_5kQ9ATalO08TdHSf0T4Ja35,
40,m,51.5,50,48.5,32.5,899,vrij,,,,https://buy.stripe.com/test_8x2bJ11PicVF5bm6un4Ja36,
41,spot,100,50,109,98,5000,veiling,,,,,
42,xl,209,50,62.5,66,1999,vrij,,,,https://buy.stripe.com/test_7sYaEX65y4p98ny3ib4Ja37,
43,b,271.5,50,16,32.5,199,vrij,,,,https://buy.stripe.com/test_8x2cN5eC41cX33ef0T4Ja38,
44,b,287.5,50,16,32.5,199,vrij,,,,https://buy.stripe.com/test_fZu7sLctW2h1cDO3ib4Ja39,
45,m,16,82.5,35.5,33.5,649,vrij,,,,https://buy.stripe.com/test_9B68wPdy01cXbzKaKD4Ja3a,
46,m,51.5,82.5,48.5,33.5,899,vrij,,,,https://buy.stripe.com/test_aFa28r79Cf3NeLW7yr4Ja3b,
47,b,271.5,82.5,16,33.5,199,vrij,,,,https://buy.stripe.com/test_9B63cvfG85td7judWP4Ja3c,
48,b,287.5,82.5,16,33.5,199,vrij,,,,https://buy.stripe.com/test_cNi00j2Tm6xhbzK4mf4Ja3d,
49,m,16,116,35.5,34.5,649,vrij,,,,https://buy.stripe.com/test_8x29AT65y4p9eLW5qj4Ja3e,
50,l,51.5,116,48.5,67.5,1399,vrij,,,,https://buy.stripe.com/test_9B6fZhdy0bRBfQ0f0T4Ja3f,
51,m,209,116,62.5,32,899,vrij,,,,https://buy.stripe.com/test_eVq9ATeC47Bl47i6un4Ja3g,
52,b,271.5,116,32,32,399,vrij,,,,https://buy.stripe.com/test_bJe9AT9hKaNx6fqbOH4Ja3h,
53,m,16,150.5,35.5,33,649,vrij,,,,https://buy.stripe.com/test_14AdR93XqcVF9rC2e74Ja3i,
54,b,100,148,44,18,399,vrij,,,,https://buy.stripe.com/test_5kQbJ19hK7Bl9rCf0T4Ja3j,
55,xl,144,148,79,65.5,2499,vrij,,,,https://buy.stripe.com/test_8x200jfG8aNx0V6g4X4Ja3k,
56,m,223,148,48.5,33,899,vrij,,,,https://buy.stripe.com/test_8x29AT0Le1cX1ZadWP4Ja3l,
57,b,271.5,148,32,33,399,vrij,,,,https://buy.stripe.com/test_cNibJ165ydZJcDOf0T4Ja3m,
58,m,100,166,44,47.5,899,vrij,,,,https://buy.stripe.com/test_3cI5kDbpSdZJ33edWP4Ja3n,
59,m,223,181,48.5,32.5,899,vrij,,,,https://buy.stripe.com/test_6oUfZh9hKbRB33eg4X4Ja3o,
60,b,271.5,181,32,32.5,399,vrij,,,,https://buy.stripe.com/test_6oUbJ1alO8Fp33e3ib4Ja3p,
61,b,16,183.5,35.5,30,399,vrij,,,,https://buy.stripe.com/test_dRm4gz2TmaNxdHSbOH4Ja3q,
62,m,51.5,183.5,48.5,30,649,vrij,,,,https://buy.stripe.com/test_eVq7sLalO2h147iaKD4Ja3r,
63,t,303.5,16,16,17,99,vrij,,,,https://buy.stripe.com/test_cNi28ralO2h1eLWaKD4Ja3s,
64,t,303.5,33,16,17,99,vrij,,,,https://buy.stripe.com/test_6oU9AT65y7Bl33eg4X4Ja3t,
65,t,303.5,50,16,16,99,vrij,,,,https://buy.stripe.com/test_5kQ5kD79C6xh47i9Gz4Ja3u,
66,t,303.5,66,16,16.5,99,vrij,,,,https://buy.stripe.com/test_00wdR90LecVF9rC1a34Ja3v,
67,t,303.5,82.5,16,16.5,99,vrij,,,,https://buy.stripe.com/test_cNi7sL3XqaNx9rCbOH4Ja3w,
68,t,303.5,99,16,17,99,vrij,,,,https://buy.stripe.com/test_00w4gzgKcbRB1Zaf0T4Ja3x,
69,t,303.5,116,16,15.5,99,vrij,,,,https://buy.stripe.com/test_00w8wP1Pi5tdcDOcSL4Ja3y,
70,t,303.5,131.5,16,16.5,99,vrij,,,,https://buy.stripe.com/test_bJeaEX0Le6xhgU405Z4Ja3z,
71,t,303.5,148,16,18,99,vrij,,,,https://buy.stripe.com/test_4gM14n79C1cXgU4cSL4Ja3A,
72,t,303.5,166,16,15,99,vrij,,,,https://buy.stripe.com/test_bJe6oH8dG3l55bmg4X4Ja3B,
73,t,303.5,181,16,16,99,vrij,,,,https://buy.stripe.com/test_8x23cv51u6xhcDObOH4Ja3C,
74,t,303.5,197,16,16.5,99,vrij,,,,https://buy.stripe.com/test_aFa9AT79C7BlfQ03ib4Ja3D,
75,t,0.5,217,15.5,12.5,99,vrij,,,,https://buy.stripe.com/test_4gM4gz65y7Bl8nycSL4Ja3E,
76,t,16,213.5,16.5,16,99,vrij,,,,https://buy.stripe.com/test_dRmeVd3Xq8FpbzK8Cv4Ja3F,
77,t,32.5,213.5,16,16,99,vrij,,,,https://buy.stripe.com/test_cNi14n51u1cXgU4f0T4Ja3G,
78,t,48.5,213.5,16,16,99,vrij,,,,https://buy.stripe.com/test_5kQ00j0Le8FpeLW2e74Ja3H,
79,t,64.5,213.5,16,16,99,vrij,,,,https://buy.stripe.com/test_9B6eVd79C5tdeLWdWP4Ja2c,
80,t,80.5,213.5,19.5,16,99,vrij,,,,https://buy.stripe.com/test_dRm7sLfG82h17ju3ib4Ja3I,
81,t,100,213.5,12.5,16,99,vrij,,,,https://buy.stripe.com/test_14AfZhdy0dZJcDO7yr4Ja3J,
82,t,112.5,213.5,16,16,99,vrij,,,,https://buy.stripe.com/test_3cI3cv0Le9Jt1Zag4X4Ja3K,
83,t,128.5,213.5,15.5,16,99,vrij,,,,https://buy.stripe.com/test_cNi14n9hK6xhbzK5qj4Ja3L,
84,t,144,213.5,16,16,99,vrij,,,,https://buy.stripe.com/test_eVqbJ1eC49JtdHSf0T4Ja3M,
85,t,160,213.5,17,16,99,vrij,,,,https://buy.stripe.com/test_3cIcN5alO4p9fQ08Cv4Ja3N,
86,t,177,213.5,15.5,16,99,vrij,,,,https://buy.stripe.com/test_00wdR9fG81cXdHSdWP4Ja3O,
87,t,192.5,213.5,16.5,16,99,vrij,,,,https://buy.stripe.com/test_bJe4gzctW1cXavGdWP4Ja3P,
88,t,209,213.5,14,16,99,vrij,,,,https://buy.stripe.com/test_bJe00j3XqaNxavGbOH4Ja3Q,
89,t,223,213.5,16,16,99,vrij,,,,https://buy.stripe.com/test_9B6cN53Xqf3N33ecSL4Ja3R,
90,t,239,213.5,15.5,16,99,vrij,,,,https://buy.stripe.com/test_28EdR90Le4p9fQ01a34Ja3S,
91,t,254.5,213.5,17,16,99,vrij,,,,https://buy.stripe.com/test_eVqeVd79C9Jt7ju8Cv4Ja3T,
92,t,271.5,213.5,16,16,99,vrij,,,,https://buy.stripe.com/test_fZuaEX8dG8FpdHS5qj4Ja3U,
93,t,287.5,213.5,16,16,99,vrij,,,,https://buy.stripe.com/test_14AdR9fG85td8ny3ib4Ja3V,
94,t,303.5,213.5,16,16,99,vrij,,,,https://buy.stripe.com/test_3cIbJ10LeaNxdHS5qj4Ja3W,
